<?xml version="1.0"?>
<config xmlns:xsi="http://www.w3.org/2001/XMLSchema-instance"
        xsi:noNamespaceSchemaLocation="urn:magento:framework:ObjectManager/etc/config.xsd">
    <virtualType name="Meetanshi\Ccavenue\Model\ConfigProvider" type="Magento\Payment\Model\CcGenericConfigProvider">
        <arguments>
            <argument name="methodCodes" xsi:type="array">
                <item name="ccavenueform" xsi:type="const">Meetanshi\Ccavenue\Model\Payment::CODE</item>
            </argument>
        </arguments>
    </virtualType>
    <type name="Magento\Checkout\Model\CompositeConfigProvider">
        <arguments>
            <argument name="configProviders" xsi:type="array">
                <item name="ccavenue_config_provider" xsi:type="object">Meetanshi\Ccavenue\Model\CcavenueConfigProvider</item>
            </argument>
        </arguments>
    </type>
    <virtualType name="MeetanshiCcavenueIframeCcConfigProvider" type="Magento\Payment\Model\IframeConfigProvider">
        <arguments>
            <argument name="methodCode" xsi:type="const">Meetanshi\Ccavenue\Model\Payment::CODE</argument>
        </arguments>
    </virtualType>
</config>
