<?xml version="1.0"?>
<config xmlns:xsi="http://www.w3.org/2001/XMLSchema-instance" xsi:noNamespaceSchemaLocation="urn:magento:module:Magento_Config:etc/system_file.xsd">
    <system>
        <tab id="sparsh" translate="label" sortOrder="500">
            <label>Sparsh Extensions</label>
        </tab>
        <section id="sparshadvancedsorting" translate="label" type="text" sortOrder="100" showInDefault="1" showInWebsite="1" showInStore="1">
            <class>separator-top</class>
            <label>Advanced Sorting</label>
            <tab>sparsh</tab>
            <resource>Sparsh_AdvancedSorting::configuration</resource>
            <group id="general" translate="label comment" type="text" sortOrder="1" showInDefault="1" showInWebsite="1" showInStore="1">
                <label>General Configuration</label>
                <field id="enabled" translate="label comment" type="select" sortOrder="1" showInDefault="1" showInWebsite="1" showInStore="1" canRestore="1">
                    <label>Enable</label>
                    <source_model>Magento\Config\Model\Config\Source\Yesno</source_model>
                    <comment><![CDATA[Select <strong>Yes</strong> to enable this module]]></comment>
                </field>
                <field id="selectsort" translate="label" type="multiselect" sortOrder="2" showInDefault="1" showInWebsite="1" showInStore="1" canRestore="1">
                    <source_model>Sparsh\AdvancedSorting\Model\System\SortType</source_model>
                    <label>Select Catalog Sort Type</label>
                    <depends>
                        <field id="enabled">1</field>
                    </depends>
                </field>
            </group>
        </section>
    </system>
</config>
